Title	Artist	URL	Playlist Title
Black Hole Sun	Soundgarden	9kIv6vVRKpw	Same Groove
Tired of Being Alone	Al Green	BEBHIV9L3uc	Same Groove
Hooked On A Feeling	Björn Skifs	7Z3uhIRkBNw	Same Groove
Play Something Sweet (Brickyard Blues)	Three Dog Night	kSJZDoUejSE	Same Groove
The Everly Brothers - Cathy's Clown (Official Audio)	The Everly Brothers	WvjuQaEBUoo	Same Groove
Tequila Sunrise (2013 Remaster)	The Eagles	1K0N7UaZpz8	Same Groove
Love Me Do (Remastered 2009)	The Beatles	0pGOFX1D_jg	Same Groove
Palisades Park	Freddy Cannon	snEqBY1WiCg	Same Groove
Crocodile Rock (Remastered)	Elton John	5GJ04MpWves	Same Groove
The Twelves (Dirty Dozen)	Kokomo Arnold	I3VodAL_iJ8	Traditional
When The Levee Breaks	Kansas Joe McCoy	ayuhW1p_7wo	Traditional
Just Because	Mick Fleetwood('s) Zoo	LWFdJ-pW-VY	50s
Lloyd Price/John Lennon - Just Because - Acoustic Cover - Danny McEvoy	TheWalrusWasDanny	xisfL1W5XIY	50s
The TRUE Top 50 Songs of 1957 - Best Of List	John Finneman	X1xzwYr_kwY	50s
The Everly Brothers - Cathy's Clown (cover by Grace)	Grace Haylor	RffvflcPno4	50s
The Beatles - You Really Got A Hold On Me (cover by Grace)	Grace Haylor	KKN8EcJ7B0c	50s
I'm Leaving It All Up To You	Dale & Grace	RBhGIH9c4TI	50s
Sugar Shack	Jimmy Gilmer	CLl5rdBW-94	50s
Sweet Soul Music	Arthur Conley	nm8LH3bHClw	50s
The Everly Brothers - Cathy's Clown (Official Audio)	The Everly Brothers	WvjuQaEBUoo	50s
Palisades Park	Freddy Cannon	snEqBY1WiCg	50s
Break It To Me Gently	Brenda Lee	t3sD_NI0rcY	50s
Sh-Boom	The Crew Cuts	CikEbEtnBcE	50s
The Great Pretender	The Platters	S3nzDxuBeE4	50s
Love Letters in The Sand	Pat Boone	yyHGBtyk9nw	50s
How High The Moon (Remastered)	Les Paul	R_MU_tywFlM	50s
The Rain The Park And Other Things	The Cowsills	uC9tALmALh0	50s
Those Were The Days (Remastered)	Mary Hopkin	kXc5Oe_kj8k	50s
Ernie Maresca - Shout! Shout! (Knock Yourself Out)	LegalSaiga	p6k3BEU1aQM	50s
Game of Love	Annie Oakley	0pLZwUSDtYU	50s
Did You Ever Have to Make Up Your Mind - Lovin' Spoonful	WCFL1000A	C0cJ__JBnWg	50s
Sally Go Round The Roses	Jaynetts	fz0w5_8GXZQ	50s
Walk Right Back	The Everly Brothers	F3K07_rT6nw	50s
All For You	Janet Jackson	6dLVFWLDw2M	D-oing
Say My Name	Destiny's Child	Ajez9PaCgek	D-oing
Got to Be Real	Cheryl Lynn	GLUCCewe_4c	Monster V
Bring It All to Me	Blaque	FZjnAud8ofI	Monster V
I Do!!	Toya	mRBdOnK9KP8	Monster V
All For You	Janet Jackson	6dLVFWLDw2M	Monster V
Doesn't Really Matter	Janet Jackson	jU-6eKwAoeo	Monster V
Play	Jennifer Lopez	zKk5UsPWiqk	Monster V
Independent Women, Pt. 1	Destiny's Child	2EZ45YkNwX8	Monster V
Do It To It	Cherish	HPTDgfhhJ3s	Monster V
Shackles	Mary Mary	BhYhZzln8KU	Monster V
No Scrubs	TLC	q3MkrF5fPew	Monster V
Waterfalls	TLC	A_iTphwVNYs	Monster V
Unpretty	TLC	02DUe4UJOls	Monster V
Never Ever	All Saints	0980VkiWtpc	Monster V
Are You That Somebody	Aaliyah	o-7ZZIqWjoU	Monster V
4 Page Letter	Aaliyah	59vnNBNKp98	Monster V
Say My Name	Destiny's Child	Ajez9PaCgek	Monster V
Don't Let Go (Love)	En Vogue	KZlcqLbDc7A	Monster V
The Boy Is Mine (Radio Edit)	Brandy	oxOX8ILbRyY	Monster V
Case Of The Ex (Whatcha Gonna Do)	Mýa	3gJMor7UXFk	Monster V
Moody	Bitter:Sweet	6k6TeXxEUt4	Koko
Don't Forget To Breathe	Bitter:Sweet	yj2Av6eFAKI	Koko
It's Amazing	Jem	D0A5RzPB3AU	Koko
Blue Mantilla	Henry Mancini	xg_ZF25NVC8	Koko
Slave to Love	Jazzystics	Bd7vhPkDlMg	Koko
I Know You Love Me	Lisa Ekdahl	RayvIljRVDk	Koko
Take It Off Your Mind	Jill Barber	0VR9j6kOdXU	Koko
Glow Worm	The Mills Brothers	Aw9V6a6ereo	Koko
Devil In His Heart	The Donays	u9x9Zofh8jc	Good
Knock On Wood	Eddie Floyd	1-KWX26Dwv8	Good
Our Day Will Come	Ruby & the Romantics	i6FpsXojEoQ	Good
I'd Rather Go Blind	Etta James	Bcus42ihkTI	Good
Can't Seem To Make You Mine	Sky Saxon	Z5wHZvCGgEk	Good
Baby, Please Don't Go	Them	dL60VXOXtSQ	Good
Just Because	Lloyd Price	JXOvSLVMX_0	Good
Alvin Robinson - Something You Got	Joe Parypa	Ogr6bDMhN20	Good
Sookie, Sookie	Don Covay	04TQWksAvOs	Good
O-o-h Child	The Five Stairsteps	gIsj8VxQNkw	Classic Black
For Once In My Life	Stevie Wonder	l3qi3E40aWE	Classic Black
Signed, Sealed, Delivered (I'm Yours)	Stevie Wonder	6To0fvX_wFA	Classic Black
Higher Ground	Stevie Wonder	1esf0efHbjM	Classic Black
Drift Away	Dobie Gray	g09_QO2xxl8	Classic Black
September	Earth, Wind & Fire	B2mmDEv0OEk	Classic Black
Lou Rawls - Lady Love (Official Audio)	LouRawlsVEVO	-zLfOtZZ7n8	Classic Black
Mr. Pitiful	Otis Redding	VCIkP5xbdRk	Samples
Monster Mash	Bobby "Boris" Pickett	bRLML36HnzU	Samples
Rock 'n' Roll (Part 2)	Gary Glitter	6sjGBXckGB4	Samples
Knock On Wood	Eddie Floyd	1-KWX26Dwv8	Samples
Anna (Go to Him)	Arthur Alexander	KWiP8XnczSI	Samples
it's okay-OLDIES	Irianat	7yyDY5STeT4	Samples
Cruisin'	Smokey Robinson	HE_knYX_JXI	Samples
Somebody Please	The Vanguards	NTKHomRD6tE	Samples
Suddenly I See	KT Tunstall	eX7lFYAaO-c	Samples
I Got 5 On It	Luniz	Dsct-TZ26Pw	Samples
GoldenEye 64   Full SoundTrack	GameOrchestra	w4cUuJpc7b8	Samples
When I Hear Music	Debbie Deb	RNSuX4KoWWQ	Samples
The Sunglows "It's Okay"	MrOldies25	GV-Dy2SRbJw	Samples
The Wah Watusi	The Orlons	IRvFaGIO2Gc	Samples
You Must Have Been a Beautiful Baby	Bobby Darin	VY4HhqjJw5I	Samples
The Mountain's High	Dick and Dee Dee	ecj3J0gvKbI	Samples
Just One Look	Doris Troy	GI3OYR_XM0w	ROCKNROLL
Mashed Potato Time	Dee Dee Sharp	roh-TtGqt7Y	ROCKNROLL
I Really Love You	Dee Dee Sharp	HInroqzjM84	ROCKNROLL
I Say a Little Prayer	Dionne Warwick	oBEBgM39hY0	ROCKNROLL
He's So Fine	The Chiffons	qxw1q2gQGlQ	ROCKNROLL
I Only Want To Be With You	Dusty Springfield	6opirWRSj4c	ROCKNROLL
Mama Said (Rerecorded Version)	The Shirelles	y8jo47xz_2w	ROCKNROLL
Baby It's You	The Shirelles	FiJOJuLSwrI	ROCKNROLL
Lollipop	The Chordettes	mfmeIKU4KAI	ROCKNROLL
Chapel of Love	The Chordettes	pdGOq4vcZ4U	ROCKNROLL
Mr. Sandman	The Chordettes	SmcPp1tNm-4	ROCKNROLL
Iko Iko (Acapella Version)	The Dixie Cups	MpgdOXvrfpQ	ROCKNROLL
Devil In His Heart	The Donays	u9x9Zofh8jc	ROCKNROLL
Our Day Will Come	Ruby & the Romantics	i6FpsXojEoQ	ROCKNROLL
Then He Kissed Me	The Crystals	lE1z26Ik3Y0	ROCKNROLL
I'll Never Fall in Love Again	Dionne Warwick	zmsCR_39wPM	ROCKNROLL
Will You Love Me Tomorrow	The Shirelles	zm5fLRB9XAg	ROCKNROLL
My Boyfriend's Back	The Angels	fEfLMod-Wqk	ROCKNROLL
What the World Needs Now (Is Love)	Dionne Warwick	O2nUmZ0Nr1Q	ROCKNROLL
I Will Follow Him	Peggy March	IRk9gAqjLgg	ROCKNROLL
Needle In A Haystack	The Velvelettes	0SGgUSPaH4Q	ROCKNROLL
The - Maybe	The Chantels	xBfV4QABdEA	ROCKNROLL
Mr. Big Stuff	Jean Knight	lPgOg4dg2ZM	ROCKNROLL
Respect (Mono)	Aretha Franklin	8rRPc87wgug	ROCKNROLL
I Say a Little Prayer	Aretha Franklin	2t5VNI0XlwY	ROCKNROLL
Let's Have A Party	Wanda Jackson	m-7NEY4p5s0	ROCKNROLL
Mama Said	The Shirelles	mvc880rpJeE	ROCKNROLL
Something's Got A Hold On Me	Etta James	BPjQ7iK5GVI	ROCKNROLL
Remember (Walkin' In The Sand)	The Shangri-Las	wfxw1uALKgk	ROCKNROLL
You Don't Own Me	Lesley Gore	cTpvirQ-hPA	ROCKNROLL
At Last	Etta James	1qJU8G7gR_g	ROCKNROLL
I'd Rather Go Blind	Etta James	Bcus42ihkTI	ROCKNROLL
Nancy Sinatra - These Boots Are Made For Walkin' (Finson Rework)	Finson	5qa3UKYY8ko	ROCKNROLL
The Locomotion	Little Eva	1Lej7aQDrGM	ROCKNROLL
Lollipop (1958 #2 Billboard chart hit.)	The Chordettes	vaXmOBVqkBg	ROCKNROLL
Son of a Preacher Man	Dusty Springfield	ZSEKX8GAEYY	ROCKNROLL
You Can't Hurry Love	The Supremes	l_QQPm45rAc	ROCKNROLL
The Supremes - Baby Love (Lyric Video)	TheSupremesVEVO	D6QF4sB40gU	ROCKNROLL
Stop! In The Name Of Love	The Supremes	iVi4NGOICzo	ROCKNROLL
You Can't Hurry Love	The Supremes	uZj032MNIx4	ROCKNROLL
Leader Of The Pack	The Shangri-Las	BWIf4Ifk6aQ	ROCKNROLL
Maybe	The Chantels	3eTTwd9ncVk	ROCKNROLL
Chapel of Love	The Dixie Cups	Dg4kzfQLKyo	ROCKNROLL
I Will Follow Him	Petula Clark	v_Y4NXAMDhM	ROCKNROLL
Wishin' And Hopin'	Dusty Springfield	dyZG1s7gbn8	ROCKNROLL
My Guy	Mary Wells	icptOB_dH1c	ROCKNROLL
These Boots Are Made for Walkin'	Nancy Sinatra	aJvDJabuRkQ	ROCKNROLL
Be My Baby	The Ronettes	QBDem6bffyo	ROCKNROLL
Leader Of The Pack (from Good Fellas)	The Shangri-Las	rhpO4jfHZog	ROCKNROLL
Chapel Of Love - Original	The Dixie Cups	RKjVuMq7O7g	ROCKNROLL
Iko Iko - Original	The Dixie Cups	OuC519ni1aE	ROCKNROLL
Please Mr. Postman	The Marvelettes	XSm3ViCVtpo	ROCKNROLL
Baby It's You	The Shirelles	ezD2rZjsQxM	ROCKNROLL
When a Man Loves a Woman (2000 Remaster)	Percy Sledge	KwPxhWU1koE	ROCKNROLL
Rockin Pneumonia and the Boogie Woogie Flu	Huey "Piano" Smith	-WWlwgoAxPE	ROCKNROLL
Sookie, Sookie	Don Covay	ypqlKPO0OuA	ROCKNROLL
The Capitols - Cool Jerk	bricomaligno	27PydomerjM	ROCKNROLL
Ain't Nothing Like The Real Thing	Marvin Gaye	9xL1oAuEBXI	ROCKNROLL
Land of 1000 Dances	Wilson Pickett	FchOg9kXbHo	ROCKNROLL
Marvin Gaye, Tammi Terrell - Ain't No Mountain High Enough (Lyric Video)	MarvinGayeVEVO	eu2gAqn4I2A	ROCKNROLL
Anna (Go to Him)	Arthur Alexander	KWiP8XnczSI	ROCKNROLL
Hey Girl	Freddie Scott	y_ajTwJGU-U	ROCKNROLL
Kiss and Say Goodbye (X-Rated Version)	The Manhattans	NdmyoZjAa_w	ROCKNROLL
You're All I Need To Get By	Marvin Gaye	PLjv0-ec-eU	ROCKNROLL
[You] Got What I Need	Freddie Scott	L2XU_Fl2Tpc	ROCKNROLL
Same Old Beat	Freddie Scott	LXJoyoewk-8	ROCKNROLL
Rockin' Robin	Bobby Day	uLF3YZIjucs	ROCKNROLL
I'm Your Puppet	James & Bobby Purify	wzhBXza_b_Q	ROCKNROLL
I Thank You	Sam & Dave	PiZfP-bDXgQ	ROCKNROLL
Tell It Like It Is	Aaron Neville	WrS-XqOtHX4	ROCKNROLL
Ain't Got No Home	Clarence "frogman" Henry	qIvy9nSlZf0	ROCKNROLL
I GOTCHA	Joe Tex & The Vibrators	rGb4VXn6ybg	ROCKNROLL
I GOTCHA	Joe Tex & The Vibrators	rGb4VXn6ybg	ROCKNROLL
Ain't Gonna Bump No More (With No Big Fat Woman)	Joe Tex & The Vibrators	P-o1OBhCUlM	ROCKNROLL
I Was Checkin' Out She Was Checkin' In	Don Covay	t-fWOB10m9A	ROCKNROLL
Slow Down	Larry Williams	kf6tDooYgj0	ROCKNROLL
Rip It Up	Little Richard	m0XxovkwOjE	ROCKNROLL
Help Me	Sonny Boy Williamson II	Aa_HSpeONEM	ROCKNROLL
Little Bitty Pretty One	Bobby Day	SHZhhZDCbBE	ROCKNROLL
Blue Moon	The Marcels	7G8sgFFk9wo	ROCKNROLL
Rocket 88	Jackie Brenston & His Delta Cats	GKaAcG8K2hA	ROCKNROLL
Chain of Fools	Aretha Franklin	o0s5CP2kXsc	ROCKNROLL
I'll Take You There	The Staple Singers	qXvirzznSn4	ROCKNROLL
Road Runner	Bo Diddley	1WjUnz0g9hE	ROCKNROLL
Who Do You Love	Bo Diddley	RX1_lAiwvo0	ROCKNROLL
Papa-Oom-Mow-Mow	The Rivingtons	AnW2WNHiTPw	ROCKNROLL
Bo Diddley	Bo Diddley	0mWMZKbr690	ROCKNROLL
I'm A Man	Bo Diddley	OKlAiuaYdoI	ROCKNROLL
John Lee Hooker - "Boom Boom"	John Lee Hooker Official	dZOvSRNXL0c	ROCKNROLL
Money (That's What I Want)	Barrett Strong	ljpR6c_1pvk	ROCKNROLL
The Isley Brothers - Shout, Pts. 1 & 2 (Official Audio)	TheIsleyBrothersVEVO	DPVf01jXL7M	ROCKNROLL
Twist and Shout (Remastered)	The Isley Brothers	fuNCwPBm3fw	ROCKNROLL
Bill Withers - Grandma's Hands (Official Audio)	BillWithersVEVO	TdrChyGb574	ROCKNROLL
Grover Washington Jr. feat. Bill Withers - Just the Two of Us (Official Lyric Video)	Bill Withers	MUOklA5LFz0	ROCKNROLL
Use Me	Bill Withers	HprVW3gS-H4	ROCKNROLL
Bill Withers - Lean on Me (Official Audio)	BillWithersVEVO	gOZgo8gMIoM	ROCKNROLL
Bill Withers - Ain't No Sunshine (Official Audio)	BillWithersVEVO	YuKfiH0Scao	ROCKNROLL
Lovely Day	Bill Withers	QCgeitX5xg0	ROCKNROLL
Lean on Me	Bill Withers	fOZ-MySzAac	ROCKNROLL
Shake, Rattle and Roll	Big Joe Turner	rJoTiZ0tHYc	ROCKNROLL
Duke Of Earl	Gene Chandler	Yw9SfkhSO-M	ROCKNROLL
Another Saturday Night	Sam Cooke	8N1qQHzh6-A	ROCKNROLL
Still Water (Love)	Four Tops	GjwaNA_mPV8	ROCKNROLL
Blueberry Hill	Fats Domino	1bPjFfdAL7w	ROCKNROLL
Under the Boardwalk	The Drifters	PSddD6w5SKc	ROCKNROLL
Little Bitty Pretty One	Thurston Harris	pLOruXaPFMM	ROCKNROLL
Yakety Yak	The Coasters	3-CjHA-p8VY	ROCKNROLL
Banana Boat (Day-O)	Harry Belafonte	DYYkJ0kwNss	ROCKNROLL
The Twist (Rerecorded)	Chubby Checker	vuQyUMOK-K0	ROCKNROLL
Johnny B. Goode	Chuck Berry	Uf4rxCB4lys	ROCKNROLL
Hold On, I'm Comin'	Sam & Dave	8T3BhEikz6E	ROCKNROLL
The Supremes - Come See About Me (Lyric Video)	TheSupremesVEVO	NkH_dm9NkxQ	ROCKNROLL
Jump in the Line	Harry Belafonte	dgWXF32nxLs	ROCKNROLL
Good Golly Miss Molly	Little Richard	QTDhQ2QECqE	ROCKNROLL
Tutti Frutti (Take 2)	Little Richard	gZwYRzBlYEo	ROCKNROLL
Lucille	Little Richard	yjZtZye7aeI	ROCKNROLL
Fats Domino - Blueberry Hill	retro45rpm	a3BE8NZVDG4	ROCKNROLL
Just Because	Lloyd Price	JXOvSLVMX_0	ROCKNROLL
Tears On My Pillow	Little Anthony	iCzo2yna0wc	ROCKNROLL
Earth Angel (Stereo)	Johnny Maestro	9i7S7jRXuVo	ROCKNROLL
I Only Have Eyes for You	The Flamingos	LOlGZ54GNRM	ROCKNROLL
My Girl	The Temptations	szbI1vu-cCc	ROCKNROLL
Reach Out I'll Be There	Four Tops	AUZ3INx3-KA	ROCKNROLL
Knock on Wood	Eddie Floyd	yyU1k-BzHWw	ROCKNROLL
Na Na Hey Hey Kiss Him Goodbye	Steam	WhF6Yzws5PU	ROCKNROLL
Try a Little Tenderness	Otis Redding	HKKbMBJgDJ4	ROCKNROLL
You've Really Got A Hold On Me	Smokey Robinson	DRd-bjFfjNc	ROCKNROLL
I'm Your Puppet	James & Bobby Purify	rYyCdHUJfb4	ROCKNROLL
When a Man Loves a Woman	Percy Sledge	AEGDN8wIcCc	ROCKNROLL
[Sittin' On] the Dock of the Bay	Otis Redding	Zu5chXCp1Ag	ROCKNROLL
I Can't Help Myself (Sugar Pie, Honey Bunch)	Four Tops	8Jtokmp8zoE	ROCKNROLL
Nowhere To Run	Martha Reeves & The Vandellas	8n3ZiFHluMs	ROCKNROLL
Stand by Me	Ben E. King	b-D5yAAXYng	ROCKNROLL
Earth Angel	The Penguins	wVOnJKDca2Q	ROCKNROLL
How Sweet It Is (To Be Loved By You)	Marvin Gaye	mTNFZnTuIfo	ROCKNROLL
I Heard It Through The Grapevine	Marvin Gaye	kAPj9oP4q_w	ROCKNROLL
No Particular Place To Go	Chuck Berry	Bhx96Nt5hyQ	ROCKNROLL
[Your Love Keeps Lifting Me] Higher & Higher	Jackie Wilson	Gn6SNbTD0_Q	ROCKNROLL
Do You Love Me (Mono Single)	The Contours	LlKRp2KrJuQ	ROCKNROLL
You Never Can Tell	Chuck Berry	u9l0YBKcGnY	ROCKNROLL
Build Me Up Buttercup (Mono)	The Foundations	w0kLkDCoRXc	ROCKNROLL
Johnny B. Goode	Chuck Berry	uFeZ_x--aRg	ROCKNROLL
You've Really Got A Hold On Me	Smokey Robinson	Hw27U6act7I	ROCKNROLL
I Want Candy	The Strangeloves	5OOcnPVdKrs	ROCKNROLL
This Diamond Ring	Gary Lewis & the Playboys	xfEdQUxEh9g	ROCKNROLL
Peggy Sue	Buddy Holly	Zpni8tmIzaM	ROCKNROLL
Be-Bop-A-Lula	Gene Vincent & His Blue Caps	9KPoCvO5Zo0	ROCKNROLL
Sorry Suzanne (Remastered)	The Hollies	7dcieiZ9G8Q	ROCKNROLL
Tequila	The Champs	U_JFLb1IItM	ROCKNROLL
Monster Mash	Bobby "Boris" Pickett	bRLML36HnzU	ROCKNROLL
Devil with the Blue Dress On / Good Golly Miss Molly (Medley)	Mitch Ryder	4OUNQfrs9KY	ROCKNROLL
Calendar Girl	Neil Sedaka	w7aXLV1s_q8	ROCKNROLL
The Four Seasons - Walk Like A Man (Official Audio)	RHINO	GzoIvwNqKpw	ROCKNROLL
Gimme Some Lovin' (Remastered)	The Spencer Davis Group	BuQ3PaFyb9A	ROCKNROLL
The Crystals - Then He Kissed Me (Audio)	PhilSpectorVEVO	DfM6dl_yt10	ROCKNROLL
Oh Boy!	Buddy Holly	5gzmWqAauSI	ROCKNROLL
That'll Be The Day	Buddy Holly	V46r035VntQ	ROCKNROLL
La Bamba	Ritchie Valens	0ymdjg9v8zM	ROCKNROLL
Blue Suede Shoes	Carl Perkins	2dm7-wa6d1w	ROCKNROLL
Little Darlin'	The Diamonds	4mi2uXATgVw	ROCKNROLL
Wake Up Little Susie	The Everly Brothers	w1AcbP0_SYs	ROCKNROLL
Heart Of Stone	The Rolling Stones	rULzFMMihoM	ROCKNROLL
Time Is On My Side (Mono Version)	The Rolling Stones	ZHKz7FBUF1w	ROCKNROLL
Come Go With Me	The Del-Vikings	qu1phJwHkFM	ROCKNROLL
Pipeline	The Chantays	4fc57tYou4U	ROCKNROLL
Sleep Walk	The Chantays	It898eG-sQA	ROCKNROLL
This Magic Moment	Jay and the Americans	AG7frxI55PM	ROCKNROLL
Rebel Rouser	Duane Eddy	yzvlPKozW-A	ROCKNROLL
All I Have to Do Is Dream	The Everly Brothers	b2mFbW-3stY	ROCKNROLL
I Fought the Law	The Bobby Fuller Four	oS68vto5RlU	ROCKNROLL
Rock This Town	Stray Cats	4xmLyPZVaXQ	ROCKNROLL
Burning Love	Elvis Presley	5eYjNtK7Ir0	ROCKNROLL
Suspicious Minds	Elvis Presley	xt8XQLvKBUs	ROCKNROLL
Susie-Q	Dale Hawkins	1BukCQNVs1w	ROCKNROLL
Wake Up Little Susie (1957 #1Pop; #1Country Billboard chart hit; #2UK)	The Everly Brothers	xCbcC9YV5es	ROCKNROLL
Lil' Red Riding Hood	Sam The Sham And The Pharaohs	l_EfS8oAr2I	ROCKNROLL
Tequila	The Champs	-PuCXya51GU	ROCKNROLL
Bye Bye Love	The Everly Brothers	l54EsJnlH8I	ROCKNROLL
Mailman Bring Me No More Blues	Buddy Holly	WmKJUutveYE	ROCKNROLL
Peggy Sue - BUDDY HOLLY.	I'd hate to miss the train.	w4q1PuqSUd4	ROCKNROLL
Earth Angel (Digitally Remastered)	The Penguins	q_ouuYT3yco	ROCKNROLL
Beyond the Sea	Bobby Darin	Rc7_lCfbQP0	ROCKNROLL
Do Wah Diddy Diddy	Manfred Mann	rQl7jlKfz84	ROCKNROLL
Surfin' Bird	The Trashmen	DPtn9KzfsGI	ROCKNROLL
The Wanderer	Dion	FCW0HviPEEY	ROCKNROLL
The Lion Sleeps Tonight (Wimoweh)	The Tokens	N7MYqz7KgIs	ROCKNROLL
[We're Gonna] Rock Around The Clock	Bill Haley	hzYBEJgKjv0	ROCKNROLL
The Wanderer	Dion	SbYa7NBYyRc	ROCKNROLL
Shake, Rattle And Roll	Bill Haley	N9lGMHCgiAM	ROCKNROLL
Hound Dog	Elvis Presley	T8JKM_BjuSY	ROCKNROLL
Blue Suede Shoes	Carl Perkins	mvsYRAc-BWA	ROCKNROLL
Great Balls of Fire	Jerry Lee Lewis	V_FAqr6rP4w	ROCKNROLL
Splish Splash	Bobby Darin	4R53SaiFW9c	ROCKNROLL
Bobby Darin - Dream Lover	Carlos Iván	wVHAQX5sSaU	ROCKNROLL
Oh, Pretty Woman	Roy Orbison	3KFvoDDs0XM	ROCKNROLL
You've Lost That Lovin' Feelin'	Righteous Brothers	gPl37xWo-K0	ROCKNROLL
Unchained Melody	Righteous Brothers	te51eVrFWEc	ROCKNROLL
Jailhouse Rock (2003 Sony Remaster)	Elvis Presley	7TRyILM24to	ROCKNROLL
Time Warp	Little Nell	e2JYvCp6Jxs	ROCKNROLL
Big Girls Don't Cry	Frankie Valli	pbQpjEyavWU	ROCKNROLL
Whole Lotta Shakin’ Goin’ On	Jerry Lee Lewis	GN8VV8CHnrk	ROCKNROLL
Sherry	Frankie Valli	LVAsnD969qs	ROCKNROLL
Come Go With Me	The Del-Vikings	hF8URFxNx40	ROCKNROLL
Oh, Pretty Woman	Roy Orbison	efzeF3g6Q20	ROCKNROLL
Can't Take My Eyes off You	Frankie Valli	RQBgfjOROPw	ROCKNROLL
At The Hop	Danny & the Juniors	SEPvoNA1OGw	ROCKNROLL
Hanky Panky	Tommy James	DCnXFePGGmU	ROCKNROLL
Sugar Sugar	The Archies	C7T4aQMxTTM	ROCKNROLL
Brown Eyed Girl	Van Morrison	yZ-VUnIehi8	ROCKNROLL
Hang on Sloopy	The McCoys	x8TBs-UZhEI	ROCKNROLL
Only You (And You Alone)	The Platters	85-6op3kt_g	ROCKNROLL
Heartbreak Hotel	Elvis Presley	L5E8LYd1CSQ	ROCKNROLL
A Little Less Conversation	Elvis Presley	kL6ewSTFJS8	ROCKNROLL
In the Midnight Hour (45 Version)	Wilson Pickett	Il-usrZxGns	ROCKNROLL
All Shook Up	Elvis Presley	N9awCYgefCg	ROCKNROLL
Tell It Like It Is	Aaron Neville	RgoscpHvtQY	ROCKNROLL
Don't Be Cruel	Elvis Presley	rsRXZ1afhLw	ROCKNROLL
Return to Sender (From "Girls! Girls! Girls!")	Elvis Presley	CLAbtXFQF20	ROCKNROLL
Chris Montez - Lets Dance	Chris Montez	iftZOHGeArs	ROCKNROLL
Let's Stay Together	Al Green	EKOcfZtKvYQ	ROCKNROLL
Mustang Sally	Wilson Pickett	efctwrcovJQ	ROCKNROLL
Runaway	Del Shannon	7Q98lUZGQrk	ROCKNROLL
The Tears Of A Clown	Smokey Robinson	Kp9lwDax5rM	ROCKNROLL
Last Kiss	Wayne Cochran	1jPjNSR8pi8	ROCKNROLL
Last Kiss	J. Frank Wilson and the Cavaliers	DBSe68Sa_yI	ROCKNROLL
Can't Seem To Make You Mine	Sky Saxon	Z5wHZvCGgEk	ROCKNROLL
Black Is Black	Los Bravos	_CcdzkSlw2s	ROCKNROLL
[You're The] Devil in Disguise	Elvis Presley	QBrahaCwD-c	ROCKNROLL
Can't Help Falling in Love	Elvis Presley	x3X8eBGYY6U	ROCKNROLL
Little Sister	Elvis Presley	0kWK4NPib1A	ROCKNROLL
Save the Last Dance for Me	The Drifters	VAKimpus2ic	ROCKNROLL
Always On My Mind	Elvis Presley	S6ZOe7CxFL0	ROCKNROLL
It's Now or Never	Elvis Presley	xSPgp9GnDdc	ROCKNROLL
The Great Pretender	The Platters	S3nzDxuBeE4	ROCKNROLL
Stay	Maurice Williams & The Zodiacs	YbCV_fTyedk	ROCKNROLL
How Can You Mend a Broken Heart	Al Green	SuQJZp2yWc0	ROCKNROLL
Don't Be Cruel	Elvis Presley	PkdjEsOhmWU	ROCKNROLL
Long Tall Sally	Little Richard	E68N5E1d0_M	ROCKNROLL
Jailhouse Rock	Elvis Presley	ppMZxuZ1lLg	ROCKNROLL
Miserlou	Dick Dale	mKpsuGMeqHI	ROCKNROLL
Da Doo Ron Ron	The Crystals	2pxY-5cBx1E	ROCKNROLL
Good Lovin'	The Rascals	swMzw_e2lJg	ROCKNROLL
Bang Bang (My Baby Shot Me Down)	Nancy Sinatra	OEFa4ztm9P0	ROCKNROLL
Can't Seem To Make You Mine	The Seeds	fSqMaqKs9Eg	ROCKNROLL
Let's Work Together	Canned Heat	wOgYxD59lJ0	ROCKNROLL
A Beautiful Morning	The Rascals	KtqoePiSISE	ROCKNROLL
Groovin'	The Rascals	nTvjjjAeqkw	ROCKNROLL
Gimme Some Lovin' (Single Mix)	The Spencer Davis Group	ZaK4LPrYI0A	ROCKNROLL
Love and Happiness	Al Green	uRsfAskzc4E	ROCKNROLL
In the Still of the Night	The Five Satins	AdtTN51_raM	ROCKNROLL
I Want Candy	The Strangeloves	dqgmhvhOGBk	ROCKNROLL
Jailhouse Rock	Elvis Presley	A99sV18J0mk	ROCKNROLL
I Think We're Alone Now	Tommy James	FeGmP0E5bHE	ROCKNROLL
All I Have to Do Is Dream	The Everly Brothers	43HJe-FVz2k	ROCKNROLL
I'm Good For Nothing	Jimmy Dawkins	kPLB-B50zUs	ROCKNROLL
One Fine Day	The Chiffons	D0LYs-VqFuw	ROCKNROLL
Angel Baby	Rosie and the Originals	62i4-WAHePc	ROCKNROLL
Walk on By	Dionne Warwick	vsGsCvJWEo8	ROCKNROLL
Runaround Sue	Dion	JYVizw1zwCY	ROCKNROLL
Back In My Arms Again	The Supremes	OmSbQYNaaho	ROCKNROLL
Everyday	Buddy Holly	SQ0rKFa9ZUU	ROCKNROLL
It's The Same Old Song	Four Tops	MHOly1URJjw	ROCKNROLL
Louie Louie	The Kingsmen	xKt75jUuKJY	ROCKNROLL
This Will Be (An Everlasting Love)	Natalie Cole	rbaoKL1Ei0c	ROCKNROLL
[Love Is Like A] Heat Wave	Martha Reeves & The Vandellas	sW9mCPlp61U	ROCKNROLL
Sleep Walk	John Cafferty	g1cj4bRfBxw	ROCKNROLL
Big Bad John	Jimmy Dean	4ukE3jwmOcA	ROCKNROLL
The Name Game	Shirley Ellis	Ez8fEJ86hGI	ROCKNROLL
My Babe	Little Walter	PTWuvv82BqA	ROCKNROLL
Heartbreak Hotel	Elvis Presley	nxKX2lU5RWE	ROCKNROLL
Everyday	Buddy Holly	7QeBLe9BTb4	ROCKNROLL
It's My Party	Lesley Gore	Xqc-tDSBSbE	ROCKNROLL
Somebody Please	The Vanguards	NTKHomRD6tE	ROCKNROLL
Shop Around	Smokey Robinson	D-2UEeJeRBg	ROCKNROLL
Hang on Sloopy	The Strangeloves	T0cYT6M5aYI	ROCKNROLL
Bongo Cha Cha Cha	Caterina Valente	yQqR9jEacCY	ROCKNROLL
La Bamba (Remastered)	Ritchie Valens	-Mj6iG_oF50	ROCKNROLL
Sway	Rosemary Clooney	Z3DmJvwXhgI	ROCKNROLL
Dancing In The Street (Stereo)	Martha Reeves & The Vandellas	1PXzYVhA2CQ	ROCKNROLL
Sunny	Bobby Hebb	J-5xGXpNt74	ROCKNROLL
All I Have to Do Is Dream	The Everly Brothers	ihb56QpQ4ZM	ROCKNROLL
Runaway	Del Shannon	gaHgHrCwQBA	ROCKNROLL
Sunshine, Lollipops And Rainbows	Lesley Gore	atY7ymXAcRQ	ROCKNROLL
Walk, Don't Run (Stereo)	The Ventures	j81sy1Ibf9M	ROCKNROLL
Mannish Boy	Muddy Waters	_9IIDE_45Pc	ROCKNROLL
Django (English Version)	Luis Bacalov	zTDk0uiRMks	ROCKNROLL
it's okay-OLDIES	Irianat	7yyDY5STeT4	ROCKNROLL
It's My Party	Lesley Gore	RjdH_NmmO0I	ROCKNROLL
Let's Dance	The Golden Group	vmzJOg01PBM	ROCKNROLL
Sealed With A Kiss	The Lettermen	1aRXwcrICi0	ROCKNROLL
Don't Ask Me to Be Lonely	The Dubs	PQlhSLBQYo0	ROCKNROLL
Still Of The Night	The Five Satins	Nyr0EWSF8kM	ROCKNROLL
C.C. Rider	Chuck Willis	hyiwrm6--QA	ROCKNROLL
There'll Come A Time	Betty Everett	G9iIv1XLpro	ROCKNROLL
Sh-Boom	The Chords	lXh19yDFO84	ROCKNROLL
Come A Little Bit Closer	Jay and the Americans	e3LVGBB94eY	ROCKNROLL
Time After Time	Cyndi Lauper	7wBgcalM4c4	MONSTER III
Girls Just Want to Have Fun	Cyndi Lauper	gvLMhpzYic0	MONSTER III
I'm Like A Bird	Nelly Furtado	QPvpSMkQsO4	MONSTER III
My Immortal (Band Version)	Evanescence	Cgasz7W9DVA	MONSTER III
Bring Me To Life	Evanescence	-eGM0IJc70Y	MONSTER III
Straight Up	Paula Abdul	V26f420X9r4	MONSTER III
Kiss Me	Sixpence None the Richer	K2tbQ_g2VbQ	MONSTER III
Army of me	I Grisbi	LV4_Mqy3SYw	MONSTER III
Mad World	Gary Jules	ZUtAe5PUKtE	MONSTER III
The First Cut Is the Deepest	P. P. Arnold	C-cFVSn_KWQ	MONSTER III
Take My Breath Away (Love Theme from "Top Gun")	Berlin	F4M6haOFtcE	MONSTER III
Take My Breath Away (Re-Record)	Berlin	jw60JcDLxBA	MONSTER III
Breathing Underwater	Hiatus Kaiyote	ZsZh0azKrEY	MONSTER III
I Love You Always Forever (Edit)	Donna Lewis	EiOa1U_C-i8	MONSTER III
Hide and Seek	Imogen Heap	Ok9zfly-KmM	MONSTER III
When a Man Loves a Woman (2000 Remaster)	Percy Sledge	KwPxhWU1koE	Rock N Roll Black
Rockin Pneumonia and the Boogie Woogie Flu	Huey "Piano" Smith	-WWlwgoAxPE	Rock N Roll Black
Sookie, Sookie	Don Covay	ypqlKPO0OuA	Rock N Roll Black
The Capitols - Cool Jerk	bricomaligno	27PydomerjM	Rock N Roll Black
Ain't Nothing Like The Real Thing	Marvin Gaye	9xL1oAuEBXI	Rock N Roll Black
Land of 1000 Dances	Wilson Pickett	FchOg9kXbHo	Rock N Roll Black
Marvin Gaye, Tammi Terrell - Ain't No Mountain High Enough (Lyric Video)	MarvinGayeVEVO	eu2gAqn4I2A	Rock N Roll Black
Anna (Go to Him)	Arthur Alexander	KWiP8XnczSI	Rock N Roll Black
Hey Girl	Freddie Scott	y_ajTwJGU-U	Rock N Roll Black
Kiss and Say Goodbye (X-Rated Version)	The Manhattans	NdmyoZjAa_w	Rock N Roll Black
You're All I Need To Get By	Marvin Gaye	PLjv0-ec-eU	Rock N Roll Black
[You] Got What I Need	Freddie Scott	L2XU_Fl2Tpc	Rock N Roll Black
Same Old Beat	Freddie Scott	LXJoyoewk-8	Rock N Roll Black
Rockin' Robin	Bobby Day	uLF3YZIjucs	Rock N Roll Black
I'm Your Puppet	James & Bobby Purify	wzhBXza_b_Q	Rock N Roll Black
I Thank You	Sam & Dave	PiZfP-bDXgQ	Rock N Roll Black
Tell It Like It Is	Aaron Neville	WrS-XqOtHX4	Rock N Roll Black
Ain't Got No Home	Clarence "frogman" Henry	qIvy9nSlZf0	Rock N Roll Black
I GOTCHA	Joe Tex & The Vibrators	rGb4VXn6ybg	Rock N Roll Black
I GOTCHA	Joe Tex & The Vibrators	rGb4VXn6ybg	Rock N Roll Black
Ain't Gonna Bump No More (With No Big Fat Woman)	Joe Tex & The Vibrators	P-o1OBhCUlM	Rock N Roll Black
I Was Checkin' Out She Was Checkin' In	Don Covay	t-fWOB10m9A	Rock N Roll Black
Slow Down	Larry Williams	kf6tDooYgj0	Rock N Roll Black
Rip It Up	Little Richard	m0XxovkwOjE	Rock N Roll Black
Help Me	Sonny Boy Williamson II	Aa_HSpeONEM	Rock N Roll Black
Little Bitty Pretty One	Bobby Day	SHZhhZDCbBE	Rock N Roll Black
Blue Moon	The Marcels	7G8sgFFk9wo	Rock N Roll Black
Rocket 88	Jackie Brenston & His Delta Cats	GKaAcG8K2hA	Rock N Roll Black
Chain of Fools	Aretha Franklin	o0s5CP2kXsc	Rock N Roll Black
I'll Take You There	The Staple Singers	qXvirzznSn4	Rock N Roll Black
Road Runner	Bo Diddley	1WjUnz0g9hE	Rock N Roll Black
Who Do You Love	Bo Diddley	RX1_lAiwvo0	Rock N Roll Black
Papa-Oom-Mow-Mow	The Rivingtons	AnW2WNHiTPw	Rock N Roll Black
Bo Diddley	Bo Diddley	0mWMZKbr690	Rock N Roll Black
I'm A Man	Bo Diddley	OKlAiuaYdoI	Rock N Roll Black
John Lee Hooker - "Boom Boom"	John Lee Hooker Official	dZOvSRNXL0c	Rock N Roll Black
Money (That's What I Want)	Barrett Strong	ljpR6c_1pvk	Rock N Roll Black
The Isley Brothers - Shout, Pts. 1 & 2 (Official Audio)	TheIsleyBrothersVEVO	DPVf01jXL7M	Rock N Roll Black
Twist and Shout (Remastered)	The Isley Brothers	fuNCwPBm3fw	Rock N Roll Black
Bill Withers - Grandma's Hands (Official Audio)	BillWithersVEVO	TdrChyGb574	Rock N Roll Black
Grover Washington Jr. feat. Bill Withers - Just the Two of Us (Official Lyric Video)	Bill Withers	MUOklA5LFz0	Rock N Roll Black
Use Me	Bill Withers	HprVW3gS-H4	Rock N Roll Black
Bill Withers - Lean on Me (Official Audio)	BillWithersVEVO	gOZgo8gMIoM	Rock N Roll Black
Bill Withers - Ain't No Sunshine (Official Audio)	BillWithersVEVO	YuKfiH0Scao	Rock N Roll Black
Lovely Day	Bill Withers	QCgeitX5xg0	Rock N Roll Black
Lean on Me	Bill Withers	fOZ-MySzAac	Rock N Roll Black
Shake, Rattle and Roll	Big Joe Turner	rJoTiZ0tHYc	Rock N Roll Black
Duke Of Earl	Gene Chandler	Yw9SfkhSO-M	Rock N Roll Black
Another Saturday Night	Sam Cooke	8N1qQHzh6-A	Rock N Roll Black
Still Water (Love)	Four Tops	GjwaNA_mPV8	Rock N Roll Black
Blueberry Hill	Fats Domino	1bPjFfdAL7w	Rock N Roll Black
Let's Dance	The Studio Group	alz58hCIMY8	Rock N Roll Black
Under the Boardwalk	The Drifters	PSddD6w5SKc	Rock N Roll Black
Little Bitty Pretty One	Thurston Harris	pLOruXaPFMM	Rock N Roll Black
Yakety Yak	The Coasters	3-CjHA-p8VY	Rock N Roll Black
Banana Boat (Day-O)	Harry Belafonte	DYYkJ0kwNss	Rock N Roll Black
The Twist (Rerecorded)	Chubby Checker	vuQyUMOK-K0	Rock N Roll Black
Johnny B. Goode	Chuck Berry	Uf4rxCB4lys	Rock N Roll Black
Hold On, I'm Comin'	Sam & Dave	8T3BhEikz6E	Rock N Roll Black
The Supremes - Come See About Me (Lyric Video)	TheSupremesVEVO	NkH_dm9NkxQ	Rock N Roll Black
Jump in the Line	Harry Belafonte	dgWXF32nxLs	Rock N Roll Black
Good Golly Miss Molly	Little Richard	QTDhQ2QECqE	Rock N Roll Black
Tutti Frutti (Take 2)	Little Richard	gZwYRzBlYEo	Rock N Roll Black
Lucille	Little Richard	yjZtZye7aeI	Rock N Roll Black
Fats Domino - Blueberry Hill	retro45rpm	a3BE8NZVDG4	Rock N Roll Black
Just Because	Lloyd Price	JXOvSLVMX_0	Rock N Roll Black
Tears On My Pillow	Little Anthony	iCzo2yna0wc	Rock N Roll Black
Earth Angel (Stereo)	Johnny Maestro	9i7S7jRXuVo	Rock N Roll Black
I Only Have Eyes for You	The Flamingos	LOlGZ54GNRM	Rock N Roll Black
My Girl	The Temptations	szbI1vu-cCc	Rock N Roll Black
Reach Out I'll Be There	Four Tops	AUZ3INx3-KA	Rock N Roll Black
Knock on Wood	Eddie Floyd	yyU1k-BzHWw	Rock N Roll Black
Na Na Hey Hey Kiss Him Goodbye	Steam	WhF6Yzws5PU	Rock N Roll Black
Try a Little Tenderness	Otis Redding	HKKbMBJgDJ4	Rock N Roll Black
You've Really Got A Hold On Me	Smokey Robinson	DRd-bjFfjNc	Rock N Roll Black
I'm Your Puppet	James & Bobby Purify	rYyCdHUJfb4	Rock N Roll Black
When a Man Loves a Woman	Percy Sledge	AEGDN8wIcCc	Rock N Roll Black
[Sittin' On] the Dock of the Bay	Otis Redding	Zu5chXCp1Ag	Rock N Roll Black
I Can't Help Myself (Sugar Pie, Honey Bunch)	Four Tops	8Jtokmp8zoE	Rock N Roll Black
Nowhere To Run	Martha Reeves & The Vandellas	8n3ZiFHluMs	Rock N Roll Black
Stand by Me	Ben E. King	b-D5yAAXYng	Rock N Roll Black
Earth Angel	The Penguins	wVOnJKDca2Q	Rock N Roll Black
How Sweet It Is (To Be Loved By You)	Marvin Gaye	mTNFZnTuIfo	Rock N Roll Black
I Heard It Through The Grapevine	Marvin Gaye	kAPj9oP4q_w	Rock N Roll Black
No Particular Place To Go	Chuck Berry	Bhx96Nt5hyQ	Rock N Roll Black
[Your Love Keeps Lifting Me] Higher & Higher	Jackie Wilson	Gn6SNbTD0_Q	Rock N Roll Black
Do You Love Me (Mono Single)	The Contours	LlKRp2KrJuQ	Rock N Roll Black
You Never Can Tell	Chuck Berry	u9l0YBKcGnY	Rock N Roll Black
Build Me Up Buttercup (Mono)	The Foundations	w0kLkDCoRXc	Rock N Roll Black
Johnny B. Goode	Chuck Berry	uFeZ_x--aRg	Rock N Roll Black
You've Really Got A Hold On Me	Smokey Robinson	Hw27U6act7I	Rock N Roll Black
Mr. Pitiful	Otis Redding	VCIkP5xbdRk	Rock N Roll Black
Alvin Robinson - Something You Got	Joe Parypa	Ogr6bDMhN20	Rock N Roll Black
In the Midnight Hour (45 Version)	Wilson Pickett	Il-usrZxGns	Rock N Roll Black
Tell It Like It Is	Aaron Neville	RgoscpHvtQY	Rock N Roll Black
Let's Stay Together	Al Green	EKOcfZtKvYQ	Rock N Roll Black
Mustang Sally	Wilson Pickett	efctwrcovJQ	Rock N Roll Black
The Tears Of A Clown	Smokey Robinson	Kp9lwDax5rM	Rock N Roll Black
Save the Last Dance for Me	The Drifters	VAKimpus2ic	Rock N Roll Black
Grazing In the Grass	The Friends of Distinction	tKQ47h6S6p4	Rock N Roll Black
The Great Pretender	The Platters	S3nzDxuBeE4	Rock N Roll Black
L-O-V-E	Nat King Cole	gZYtes1RO_w	Rock N Roll Black
Stay	Maurice Williams & The Zodiacs	YbCV_fTyedk	Rock N Roll Black
How Can You Mend a Broken Heart	Al Green	SuQJZp2yWc0	Rock N Roll Black
Long Tall Sally	Little Richard	E68N5E1d0_M	Rock N Roll Black
Love and Happiness	Al Green	uRsfAskzc4E	Rock N Roll Black
In the Still of the Night	The Five Satins	AdtTN51_raM	Rock N Roll Black
I'm Good For Nothing	Jimmy Dawkins	kPLB-B50zUs	Rock N Roll Black
It's The Same Old Song	Four Tops	MHOly1URJjw	Rock N Roll Black
My Babe	Little Walter	PTWuvv82BqA	Rock N Roll Black
Somebody Please	The Vanguards	NTKHomRD6tE	Rock N Roll Black
Sunny	Bobby Hebb	J-5xGXpNt74	Rock N Roll Black
Mannish Boy	Muddy Waters	_9IIDE_45Pc	Rock N Roll Black
Don't Ask Me to Be Lonely	The Dubs	PQlhSLBQYo0	Rock N Roll Black
Still Of The Night	The Five Satins	Nyr0EWSF8kM	Rock N Roll Black
C.C. Rider	Chuck Willis	hyiwrm6--QA	Rock N Roll Black
Any Day Now (My Wild Beautiful Bird)	Chuck Jackson	3AYI-_makRY	Rock N Roll Black
Sh-Boom	The Chords	lXh19yDFO84	Rock N Roll Black
Just One Look	Doris Troy	GI3OYR_XM0w	Doo Wop Girl
Mashed Potato Time	Dee Dee Sharp	roh-TtGqt7Y	Doo Wop Girl
I Really Love You	Dee Dee Sharp	HInroqzjM84	Doo Wop Girl
I Say a Little Prayer	Dionne Warwick	oBEBgM39hY0	Doo Wop Girl
He's So Fine	The Chiffons	qxw1q2gQGlQ	Doo Wop Girl
I Only Want To Be With You	Dusty Springfield	6opirWRSj4c	Doo Wop Girl
Mama Said (Rerecorded Version)	The Shirelles	y8jo47xz_2w	Doo Wop Girl
Baby It's You	The Shirelles	FiJOJuLSwrI	Doo Wop Girl
Lollipop	The Chordettes	mfmeIKU4KAI	Doo Wop Girl
Chapel of Love	The Chordettes	pdGOq4vcZ4U	Doo Wop Girl
Mr. Sandman	The Chordettes	SmcPp1tNm-4	Doo Wop Girl
Iko Iko (Acapella Version)	The Dixie Cups	MpgdOXvrfpQ	Doo Wop Girl
Devil In His Heart	The Donays	u9x9Zofh8jc	Doo Wop Girl
Our Day Will Come	Ruby & the Romantics	i6FpsXojEoQ	Doo Wop Girl
Then He Kissed Me	The Crystals	lE1z26Ik3Y0	Doo Wop Girl
I'll Never Fall in Love Again	Dionne Warwick	zmsCR_39wPM	Doo Wop Girl
Will You Love Me Tomorrow	The Shirelles	zm5fLRB9XAg	Doo Wop Girl
My Boyfriend's Back	The Angels	fEfLMod-Wqk	Doo Wop Girl
What the World Needs Now (Is Love)	Dionne Warwick	O2nUmZ0Nr1Q	Doo Wop Girl
I Will Follow Him	Peggy March	IRk9gAqjLgg	Doo Wop Girl
Needle In A Haystack	The Velvelettes	0SGgUSPaH4Q	Doo Wop Girl
The - Maybe	The Chantels	xBfV4QABdEA	Doo Wop Girl
Mr. Big Stuff	Jean Knight	lPgOg4dg2ZM	Doo Wop Girl
Respect (Mono)	Aretha Franklin	8rRPc87wgug	Doo Wop Girl
I Say a Little Prayer	Aretha Franklin	2t5VNI0XlwY	Doo Wop Girl
Let's Have A Party	Wanda Jackson	m-7NEY4p5s0	Doo Wop Girl
Mama Said	The Shirelles	mvc880rpJeE	Doo Wop Girl
Something's Got A Hold On Me	Etta James	BPjQ7iK5GVI	Doo Wop Girl
Remember (Walkin' In The Sand)	The Shangri-Las	wfxw1uALKgk	Doo Wop Girl
You Don't Own Me	Lesley Gore	cTpvirQ-hPA	Doo Wop Girl
At Last	Etta James	1qJU8G7gR_g	Doo Wop Girl
I'd Rather Go Blind	Etta James	Bcus42ihkTI	Doo Wop Girl
Nancy Sinatra - These Boots Are Made For Walkin' (Finson Rework)	Finson	5qa3UKYY8ko	Doo Wop Girl
The Locomotion	Little Eva	1Lej7aQDrGM	Doo Wop Girl
Lollipop (1958 #2 Billboard chart hit.)	The Chordettes	vaXmOBVqkBg	Doo Wop Girl
Son of a Preacher Man	Dusty Springfield	ZSEKX8GAEYY	Doo Wop Girl
You Can't Hurry Love	The Supremes	l_QQPm45rAc	Doo Wop Girl
The Supremes - Baby Love (Lyric Video)	TheSupremesVEVO	D6QF4sB40gU	Doo Wop Girl
Stop! In The Name Of Love	The Supremes	iVi4NGOICzo	Doo Wop Girl
You Can't Hurry Love	The Supremes	uZj032MNIx4	Doo Wop Girl
Leader Of The Pack	The Shangri-Las	BWIf4Ifk6aQ	Doo Wop Girl
Maybe	The Chantels	3eTTwd9ncVk	Doo Wop Girl
Chapel of Love	The Dixie Cups	Dg4kzfQLKyo	Doo Wop Girl
I Will Follow Him	Petula Clark	v_Y4NXAMDhM	Doo Wop Girl
Wishin' And Hopin'	Dusty Springfield	dyZG1s7gbn8	Doo Wop Girl
My Guy	Mary Wells	icptOB_dH1c	Doo Wop Girl
These Boots Are Made for Walkin'	Nancy Sinatra	aJvDJabuRkQ	Doo Wop Girl
Be My Baby	The Ronettes	QBDem6bffyo	Doo Wop Girl
Leader Of The Pack (from Good Fellas)	The Shangri-Las	rhpO4jfHZog	Doo Wop Girl
Chapel Of Love - Original	The Dixie Cups	RKjVuMq7O7g	Doo Wop Girl
Iko Iko - Original	The Dixie Cups	OuC519ni1aE	Doo Wop Girl
Please Mr. Postman	The Marvelettes	XSm3ViCVtpo	Doo Wop Girl
Baby It's You	The Shirelles	ezD2rZjsQxM	Doo Wop Girl
The Shoop Shoop Song (It's In His Kiss)	Betty Everett	5XOVJsJAIW0	Doo Wop Girl
[You Make Me Feel Like] A Natural Woman [45 Version]	Aretha Franklin	Ay6oJZQ0Y4w	Doo Wop Girl
Crazy	Patsy Cline	CKTOvHw8qFM	Doo Wop Girl
Da Doo Ron Ron	The Crystals	2pxY-5cBx1E	Doo Wop Girl
Bang Bang (My Baby Shot Me Down)	Nancy Sinatra	OEFa4ztm9P0	Doo Wop Girl
Feeling Good	Nina Simone	BNMKGYiJpvg	Doo Wop Girl
One Fine Day	The Chiffons	D0LYs-VqFuw	Doo Wop Girl
Angel Baby	Rosie and the Originals	62i4-WAHePc	Doo Wop Girl
Walk on By	Dionne Warwick	vsGsCvJWEo8	Doo Wop Girl
Back In My Arms Again	The Supremes	OmSbQYNaaho	Doo Wop Girl
This Will Be (An Everlasting Love)	Natalie Cole	rbaoKL1Ei0c	Doo Wop Girl
[Love Is Like A] Heat Wave	Martha Reeves & The Vandellas	sW9mCPlp61U	Doo Wop Girl
The Name Game	Shirley Ellis	Ez8fEJ86hGI	Doo Wop Girl
It's My Party	Lesley Gore	Xqc-tDSBSbE	Doo Wop Girl
Shop Around	Smokey Robinson	D-2UEeJeRBg	Doo Wop Girl
Bongo Cha Cha Cha	Caterina Valente	yQqR9jEacCY	Doo Wop Girl
Sway	Rosemary Clooney	Z3DmJvwXhgI	Doo Wop Girl
Dancing In The Street (Stereo)	Martha Reeves & The Vandellas	1PXzYVhA2CQ	Doo Wop Girl
Sunshine, Lollipops And Rainbows	Lesley Gore	atY7ymXAcRQ	Doo Wop Girl
It's My Party	Lesley Gore	RjdH_NmmO0I	Doo Wop Girl
There'll Come A Time	Betty Everett	G9iIv1XLpro	Doo Wop Girl
It's In His Kiss - Música Sin Límites Rock And Roll	Alternativa Representa	P8_GXKHfx-8	Doo Wop Girl
Crazy	Gnarls Barkley	4awyKrjzCg0	MONSTER IV
Hey Ya!	Outkast	jyyt0T-4dc4	MONSTER IV
I Wish	Stevie Wonder	c7IYSAUj78g	MONSTER IV
Let It Whip	Dazz Band	-XNyV-Q756s	MONSTER IV
Too Close	Next	mr2v1s79Tig	MONSTER IV
Return of the Mack	Mark Morrison	1ZfjB5P7RS0	MONSTER IV
All My Life	K-Ci & JoJo	U4kYXWcd4d8	MONSTER IV
U Remind Me	Usher	mbKeWdC50ls	MONSTER IV
What Is Love (7" Mix)	Haddaway	bizWqF8BmM0	MONSTER IV
Apologize	Timbaland	Ilt_ka7AcpQ	MONSTER IV
09 Standard -The Surviving Elements	MrDoggyDawg	vjamN8ANbc4	MONSTER IV
Kiss from a Rose	Seal	lkzXi4cmdJk	MONSTER IV
Somewhere Over The Rainbow_What A Wonderful World	Israel Kamakawiwo'ole	U-Ooxpz0Eqk	MONSTER IV
Underneath It All	No Doubt	NK1knNrZddE	MONSTER II
It's My Life	No Doubt	bpUgcEc3iLw	MONSTER II
Heart Of Glass	Blondie	M6zdLTfH-As	MONSTER II
One Way Or Another	Blondie	valVixMpzQY	MONSTER II
These Boots Are Made for Walkin'	Nancy Sinatra	TDmidrIDB4o	MONSTER II
Love Don't Cost a Thing	Jennifer Lopez	Ms00b3GwpT0	MONSTER II
The Sign (Remastered)	Ace of Base	Pdbg44M37Q4	MONSTER II
Lovefool	The Cardigans	c0fHs7THj4k	MONSTER II
Can't Get You out of My Head	Kylie Minogue	EU79S-pFmn0	MONSTER II
Walk Like an Egyptian	The Bangles	-tZ-iH_pkSo	MONSTER II
Music	Madonna	NsKF-IhR_mI	MONSTER II
Teardrop	Massive Attack	3h-JYx76QNM	MONSTER II
Black Milk	Massive Attack	Bf9AgX4Ixs4	MONSTER II
Crush	Jennifer Paige	FiNHLO9yyac	MONSTER II
Real Groove	Kylie Minogue	rfGsgixx5eM	MONSTER II
Intuition	Jewel	8IHESm_6BZc	MONSTER II
Torn	Natalie Imbruglia	rIGAt5yvfmw	MONSTER II
Unwritten	Natasha Bedingfield	BbfWRCQ3j6I	MONSTER II
I Want Candy	The Strangeloves	5OOcnPVdKrs	Rock N Roll White
This Diamond Ring	Gary Lewis & the Playboys	xfEdQUxEh9g	Rock N Roll White
Peggy Sue	Buddy Holly	Zpni8tmIzaM	Rock N Roll White
Be-Bop-A-Lula	Gene Vincent & His Blue Caps	9KPoCvO5Zo0	Rock N Roll White
Sorry Suzanne (Remastered)	The Hollies	7dcieiZ9G8Q	Rock N Roll White
Tequila	The Champs	U_JFLb1IItM	Rock N Roll White
Monster Mash	Bobby "Boris" Pickett	bRLML36HnzU	Rock N Roll White
Devil with the Blue Dress On / Good Golly Miss Molly (Medley)	Mitch Ryder	4OUNQfrs9KY	Rock N Roll White
Calendar Girl	Neil Sedaka	w7aXLV1s_q8	Rock N Roll White
The Four Seasons - Walk Like A Man (Official Audio)	RHINO	GzoIvwNqKpw	Rock N Roll White
Gimme Some Lovin' (Remastered)	The Spencer Davis Group	BuQ3PaFyb9A	Rock N Roll White
The Crystals - Then He Kissed Me (Audio)	PhilSpectorVEVO	DfM6dl_yt10	Rock N Roll White
Oh Boy!	Buddy Holly	5gzmWqAauSI	Rock N Roll White
That'll Be The Day	Buddy Holly	V46r035VntQ	Rock N Roll White
La Bamba	Ritchie Valens	0ymdjg9v8zM	Rock N Roll White
Blue Suede Shoes	Carl Perkins	2dm7-wa6d1w	Rock N Roll White
Little Darlin'	The Diamonds	4mi2uXATgVw	Rock N Roll White
Wake Up Little Susie	The Everly Brothers	w1AcbP0_SYs	Rock N Roll White
Heart Of Stone	The Rolling Stones	rULzFMMihoM	Rock N Roll White
Time Is On My Side (Mono Version)	The Rolling Stones	ZHKz7FBUF1w	Rock N Roll White
Come Go With Me	The Del-Vikings	qu1phJwHkFM	Rock N Roll White
Pipeline	The Chantays	4fc57tYou4U	Rock N Roll White
Sleep Walk	The Chantays	It898eG-sQA	Rock N Roll White
This Magic Moment	Jay and the Americans	AG7frxI55PM	Rock N Roll White
Rebel Rouser	Duane Eddy	yzvlPKozW-A	Rock N Roll White
All I Have to Do Is Dream	The Everly Brothers	b2mFbW-3stY	Rock N Roll White
I Fought the Law	The Bobby Fuller Four	oS68vto5RlU	Rock N Roll White
Rock This Town	Stray Cats	4xmLyPZVaXQ	Rock N Roll White
Burning Love	Elvis Presley	5eYjNtK7Ir0	Rock N Roll White
Suspicious Minds	Elvis Presley	xt8XQLvKBUs	Rock N Roll White
Susie-Q	Dale Hawkins	1BukCQNVs1w	Rock N Roll White
Wake Up Little Susie (1957 #1Pop; #1Country Billboard chart hit; #2UK)	The Everly Brothers	xCbcC9YV5es	Rock N Roll White
Lil' Red Riding Hood	Sam The Sham And The Pharaohs	l_EfS8oAr2I	Rock N Roll White
Tequila	The Champs	-PuCXya51GU	Rock N Roll White
Bye Bye Love	The Everly Brothers	l54EsJnlH8I	Rock N Roll White
Mailman Bring Me No More Blues	Buddy Holly	WmKJUutveYE	Rock N Roll White
Peggy Sue - BUDDY HOLLY.	I'd hate to miss the train.	w4q1PuqSUd4	Rock N Roll White
Earth Angel (Digitally Remastered)	The Penguins	q_ouuYT3yco	Rock N Roll White
Beyond the Sea	Bobby Darin	Rc7_lCfbQP0	Rock N Roll White
Do Wah Diddy Diddy	Manfred Mann	rQl7jlKfz84	Rock N Roll White
Surfin' Bird	The Trashmen	DPtn9KzfsGI	Rock N Roll White
The Wanderer	Dion	FCW0HviPEEY	Rock N Roll White
The Lion Sleeps Tonight (Wimoweh)	The Tokens	N7MYqz7KgIs	Rock N Roll White
[We're Gonna] Rock Around The Clock	Bill Haley	hzYBEJgKjv0	Rock N Roll White
The Wanderer	Dion	SbYa7NBYyRc	Rock N Roll White
Shake, Rattle And Roll	Bill Haley	N9lGMHCgiAM	Rock N Roll White
Hound Dog	Elvis Presley	T8JKM_BjuSY	Rock N Roll White
Blue Suede Shoes	Carl Perkins	mvsYRAc-BWA	Rock N Roll White
Great Balls of Fire	Jerry Lee Lewis	V_FAqr6rP4w	Rock N Roll White
Splish Splash	Bobby Darin	4R53SaiFW9c	Rock N Roll White
Bobby Darin - Dream Lover	Carlos Iván	wVHAQX5sSaU	Rock N Roll White
Oh, Pretty Woman	Roy Orbison	3KFvoDDs0XM	Rock N Roll White
You've Lost That Lovin' Feelin'	Righteous Brothers	gPl37xWo-K0	Rock N Roll White
Unchained Melody	Righteous Brothers	te51eVrFWEc	Rock N Roll White
Jailhouse Rock (2003 Sony Remaster)	Elvis Presley	7TRyILM24to	Rock N Roll White
Time Warp	Little Nell	e2JYvCp6Jxs	Rock N Roll White
Big Girls Don't Cry	Frankie Valli	pbQpjEyavWU	Rock N Roll White
Whole Lotta Shakin’ Goin’ On	Jerry Lee Lewis	GN8VV8CHnrk	Rock N Roll White
Sherry	Frankie Valli	LVAsnD969qs	Rock N Roll White
Come Go With Me	The Del-Vikings	hF8URFxNx40	Rock N Roll White
Oh, Pretty Woman	Roy Orbison	efzeF3g6Q20	Rock N Roll White
Can't Take My Eyes off You	Frankie Valli	RQBgfjOROPw	Rock N Roll White
At The Hop	Danny & the Juniors	SEPvoNA1OGw	Rock N Roll White
Hanky Panky	Tommy James	DCnXFePGGmU	Rock N Roll White
Sugar Sugar	The Archies	C7T4aQMxTTM	Rock N Roll White
Brown Eyed Girl	Van Morrison	yZ-VUnIehi8	Rock N Roll White
Hang on Sloopy	The McCoys	x8TBs-UZhEI	Rock N Roll White
Only You (And You Alone)	The Platters	85-6op3kt_g	Rock N Roll White
Heartbreak Hotel	Elvis Presley	L5E8LYd1CSQ	Rock N Roll White
A Little Less Conversation	Elvis Presley	kL6ewSTFJS8	Rock N Roll White
Let's Dance	The Studio Group	alz58hCIMY8	Rock N Roll White
All Shook Up	Elvis Presley	N9awCYgefCg	Rock N Roll White
Don't Be Cruel	Elvis Presley	rsRXZ1afhLw	Rock N Roll White
Return to Sender (From "Girls! Girls! Girls!")	Elvis Presley	CLAbtXFQF20	Rock N Roll White
Chris Montez - Lets Dance	Chris Montez	iftZOHGeArs	Rock N Roll White
Runaway	Del Shannon	7Q98lUZGQrk	Rock N Roll White
Last Kiss	Wayne Cochran	1jPjNSR8pi8	Rock N Roll White
Last Kiss	J. Frank Wilson and the Cavaliers	DBSe68Sa_yI	Rock N Roll White
Can't Seem To Make You Mine	Sky Saxon	Z5wHZvCGgEk	Rock N Roll White
Black Is Black	Los Bravos	_CcdzkSlw2s	Rock N Roll White
[You're The] Devil in Disguise	Elvis Presley	QBrahaCwD-c	Rock N Roll White
Can't Help Falling in Love	Elvis Presley	x3X8eBGYY6U	Rock N Roll White
Little Sister	Elvis Presley	0kWK4NPib1A	Rock N Roll White
Always On My Mind	Elvis Presley	S6ZOe7CxFL0	Rock N Roll White
It's Now or Never	Elvis Presley	xSPgp9GnDdc	Rock N Roll White
Don't Be Cruel	Elvis Presley	PkdjEsOhmWU	Rock N Roll White
Jailhouse Rock	Elvis Presley	ppMZxuZ1lLg	Rock N Roll White
Miserlou	Dick Dale	mKpsuGMeqHI	Rock N Roll White
Good Lovin'	The Rascals	swMzw_e2lJg	Rock N Roll White
Can't Seem To Make You Mine	The Seeds	fSqMaqKs9Eg	Rock N Roll White
Let's Work Together	Canned Heat	wOgYxD59lJ0	Rock N Roll White
A Beautiful Morning	The Rascals	KtqoePiSISE	Rock N Roll White
Groovin'	The Rascals	nTvjjjAeqkw	Rock N Roll White
I Want Candy	The Strangeloves	dqgmhvhOGBk	Rock N Roll White
Jailhouse Rock	Elvis Presley	A99sV18J0mk	Rock N Roll White
I Think We're Alone Now	Tommy James	FeGmP0E5bHE	Rock N Roll White
All I Have to Do Is Dream	The Everly Brothers	43HJe-FVz2k	Rock N Roll White
Runaround Sue	Dion	JYVizw1zwCY	Rock N Roll White
Everyday	Buddy Holly	SQ0rKFa9ZUU	Rock N Roll White
Louie Louie	The Kingsmen	xKt75jUuKJY	Rock N Roll White
Sleep Walk	John Cafferty	g1cj4bRfBxw	Rock N Roll White
Big Bad John	Jimmy Dean	4ukE3jwmOcA	Rock N Roll White
Heartbreak Hotel	Elvis Presley	nxKX2lU5RWE	Rock N Roll White
Everyday	Buddy Holly	7QeBLe9BTb4	Rock N Roll White
Hang on Sloopy	The Strangeloves	T0cYT6M5aYI	Rock N Roll White
La Bamba (Remastered)	Ritchie Valens	-Mj6iG_oF50	Rock N Roll White
All I Have to Do Is Dream	The Everly Brothers	ihb56QpQ4ZM	Rock N Roll White
Runaway	Del Shannon	gaHgHrCwQBA	Rock N Roll White
Walk, Don't Run (Stereo)	The Ventures	j81sy1Ibf9M	Rock N Roll White
Django (English Version)	Luis Bacalov	zTDk0uiRMks	Rock N Roll White
it's okay-OLDIES	Irianat	7yyDY5STeT4	Rock N Roll White
Let's Dance	The Golden Group	vmzJOg01PBM	Rock N Roll White
Sealed With A Kiss	The Lettermen	1aRXwcrICi0	Rock N Roll White
Come A Little Bit Closer	Jay and the Americans	e3LVGBB94eY	Rock N Roll White
Persona 2 Innocent Sin (PSP) OST - Hero Theme	ThisIsMyUsername128	IBoxJGqKyuA	Composer
Donkey Kong Country 2 Music - Stickerbrush Symphony	Jeebs2k8	4EaEdaOS1GA	Composer
In A Snow Bound Land (From "Donkey Kong Country 2")	Good Knight Productions	z__wD4KVhhM	Composer
Song of Healing	Video Game Music Box	X1Ogv2komJI	Composer
Marble Zone	Video Game Music Box	y75ZZUhJVdI	Composer
Labyrinth Zone	Video Game Music Box	Opx2CE3azSc	Composer
fatal fight #4 ~ vs. E.S. Levi - Michtam Underground Lab - Xenosaga III Unreleased - Yuki Kajiura	Max Galactica	YTS0PlaSrlE	Composer
Heaven - Persona 4	PSC	zQ7H4tZa8-k	Composer
I Won't Say (I'm In Love)	Various Artists	CGoOnJ2TlJk	Composer
Royal Blue (1995 Remastered)	Henry Mancini	fClGYpOuevA	Composer
Love	Nancy Adams	I9K9qzdbhNM	Composer
Mrs. Bagwell's Rhumba	FallDownBesideHer	9vmOuVNNF6g	Composer
Angel Baby	Rosie and the Originals	a-3uIjsXSec	Composer
Xenosaga Episode II OST [In-Game] - Labyrinthos	DeathNyx	STGNIDZAT8s	Composer
Age of Conan - Hyborian adventures OST	Skvost	q0HxNMk9YWw	Composer
Kito feat. Reija Lee - Sweet Talk	Rikku1337	4eUNXqblOak	Modern
Blue Foundation - Eyes on Fire (Zeds Dead Remix) [Official Audio]	Warner Music Denmark	3OuPuz9WwLY	Modern
Cracks (Flux Pavilion Remix)	Freestylers	KUOpbWfeMSQ	Modern
Around the World	Daft Punk	Jb6gcoR266U	Modern
I Remember	deadmau5	IlHTsCx913c	Modern
One More Time	Daft Punk	fa5IWHDbftI	Modern
Breathing Underwater	Hiatus Kaiyote	ZsZh0azKrEY	Modern
The Way	Fastball	3ZolDgbV6qI	Modern
Moody	Bitter:Sweet	6k6TeXxEUt4	Modern
Hollowed Heart	Make Them Suffer	KUJdF5xEmnY	Modern
Don't Look Back	Telepopmusik	IYHHUDqpeUQ	Modern
Tokyo Witch	Beach House	CY47BZAQwt4	Modern
Talk Show Host (Nellee Hooper Mix)	Radiohead	dVOntlo8wys	Modern
Lines In Wax	Flux Pavilion	HFjR3hhQLkQ	Modern
Storm Returns (A Prefuse/Tommy Guerrero Interlude)	Prefuse 73	pgfvj9ZebZc	Modern
F.H.H. (Instrumental)	RJD2	nOapSN4RZRw	Modern
Throwing Fire	Ronald Jenkees	uSjmvrqC8Sc	Modern
Shine	The Alchemist	dGr46lPQQ1w	Modern
Playground Love	Air	0yNA6C1v9iU	Modern
I Melt with You (7" Mix)	Modern English	Is-osO04u3c	Modern
Crush	Jennifer Paige	FiNHLO9yyac	Modern
SLOW DANCING IN THE DARK	Joji	5xwmensMDn0	Modern
Hip-Hop	dead prez	8OK-u9IH2X4	Modern
The Anthem	Gramatik	yq1yi7binB8	Modern
Fishin'	Takénobu	ba9nDgi7ALE	Modern
Don't Forget To Breathe	Bitter:Sweet	yj2Av6eFAKI	Modern
Bittersweet Faith	Bitter:Sweet	Nnhtlny9feM	Modern
6 Underground	Sneaker Pimps	ATAj1iyzi_o	Modern
It's Amazing	Jem	D0A5RzPB3AU	Modern
Then The Morning Comes	Smash Mouth	FvQ7iOcl3Ac	Modern
True Romance (feat. Lilja Bloom)	Parov Stelar	n5C6NvZgHA8	Modern
Playaz Circle - U Can Believe It (Instrumental)	Instru-MENTAL	ieaIQmCThwg	Modern
Six Days	DJ Shadow	BPLQVE_zYc8	Modern
Modestep - Exile	Matz	vb4cSGw3H5A	Modern
Flux Pavilion - Lines In Wax (feat. Foreign Beggars) (Full Version) [HD]	TrulyDubstep	b9wyVhS5gQg	Modern
OOAH - THE LOVE I NEED	BizzEpicMusic	kjFInKxlT2w	Modern
Dillon Francis - Beautician	BassRape	UW2KM9E4nU8	Modern
Freestylers - Cracks ft. Belle Humble (Flux Pavilion Remix) HQ Full Extended Mix	Liam Sullivan	-cVbw8RZOfM	Modern
Bassnectar - Timestretch (Official)	Bassnectar	5M-jOZRe0-8	Modern
Vespertina (Stoupe & Lorrie Doriza) Devil's Dance	ripk123	gM8z9rP7920	Modern
PANTyRAiD - The Music's Not Over (Official)	Pantyraid	oK3L-ZbWHv8	Modern
Babylon of the Occident (Instrumental)	The Shanghai Restoration Project	pKfH_hminSI	Modern
Didn't Cha Know	Erykah Badu	b4fCymLkgOQ	Modern
Someday	Sugar Ray	QBv8oXF_fF8	Modern
Island In The Sun	Weezer	beX-9wW5rL0	Modern
Underneath It All	No Doubt	NK1knNrZddE	Modern
The Whole World	Outkast	kPtk5aP5UeE	Modern
Special	Garbage	sxFyB9oFnkI	Modern
Mellow - TAKE ME HIGHER (2002) - "CQ" Soundtrack - Alison David	pyenapple	rC7Ltr9kZWQ	Modern
I Love the Flower Girl	The Butterhills	kiv0hyZqUNk	Classic Rock
Don't Be Cruel	Billy Swan	xEnY4cOppLg	Classic Rock
All Lips 'n' Hips	Electric Boys	2WvQnz0QpLk	Classic Rock
California Dreamin'	The Mamas & the Papas	oU6uUEwZ8FM	Classic Rock
Dear Mr. Fantasy	Traffic	sS_eHdqcrM8	Classic Rock
Hush	Deep Purple	E2vxVyosi18	Classic Rock
Judy in Disguise (with Glasses)	John Fred & His Playboy Band	I0bLoaVFpTQ	Classic Rock
Time Won't Let Me	The Outsiders	CS1sYR7xky8	Classic Rock
Stop Stop Stop (Mono) (1999 Remastered Version)	The Hollies	sq1UHqY5U1c	Classic Rock
Get Together	The Youngbloods	_rxvU1wkyec	Classic Rock
Daydream	The Lovin' Spoonful	KSZZ5vEkM4o	Classic Rock
Do You Believe in Magic?	The Lovin' Spoonful	AO0akwvUh_c	Classic Rock
Summer in the City (Remastered)	The Lovin' Spoonful	QT9_CJOw7E4	Classic Rock
Groenlandia	The Zombies	_nr9ObSqfWc	Classic Rock
Tell Her No	The Zombies	3OL9ncYozAM	Classic Rock
No Sugar Tonight / New Mother Nature	The Guess Who	uDOQguimngQ	Classic Rock
American Woman	The Guess Who	E4bkitX1xh4	Classic Rock
These Eyes	The Guess Who	GADRQjY9PEQ	Classic Rock
Kelly Told Anne	Tommy James	uby2xgmWLIY	Classic Rock
Do Something to Me	Tommy James	Y-GktjUaMLA	Classic Rock
I'm Alive	Tommy James	xmiZSVlH1gA	Classic Rock
Hanky Panky	Tommy James	i5spjdRrpGA	Classic Rock
I Think We're Alone Now	Tommy James	FeGmP0E5bHE	Classic Rock
Draggin' the Line	Tommy James	1sEDV3uSyx8	Classic Rock
Wipe Out	The Surfaris	dBURLdhmmZ8	Classic Rock
Ooh La La	Faces	RUGKx_kWaVk	Classic Rock
Dreams (2004 Remaster)	Fleetwood Mac	5oWyMakvQew	Classic Rock
White Rabbit	Jefferson Airplane	5aeWicwy7fA	Classic Rock
Come and Get Your Love	Redbone	rsf_gTZG4cI	Classic Rock
Tell Me Something Good	Rufus and Chaka Khan	vuDCi5neNMM	Classic Rock
Dancing in the Moonlight	King Harvest	0eHBLHVHjWg	Classic Rock
Monday, Monday	The Mamas & the Papas	VsIjOKCxRSE	Classic Rock
Honky Tonk Women ((Original Single Stereo Version))	The Rolling Stones	61jfm219ArA	Classic Rock
Going Up The Country	Canned Heat	La1J2Ze7vzc	Classic Rock
Get Off Of My Cloud (Mono Version)	The Rolling Stones	gZYjeKyONjY	Classic Rock
House Of The Rising Sun	The Animals	MJkr0DWbhTk	Classic Rock
Long Cool Woman (In a Black Dress) (1999 Remaster)	The Hollies	KbJOsej3ZK0	Classic Rock
Mighty Quinn	Manfred Mann	hbxmzZoh5bM	Classic Rock
Daydream Believer	The Monkees	aG9MBS0fjyE	Classic Rock
Bang a Gong (Get It On)	T. Rex	EzACZW65rpE	Classic Rock
Crimson & Clover (Long Version)	Tommy James	2LGD4MiSlEs	Classic Rock
Magic Carpet Ride	Steppenwolf	eGkGNCUQtWY	Classic Rock
Spirit In The Sky	Norman Greenbaum	xi_3GtQN2IA	Classic Rock
96 Tears	? & The Mysterians	sjCMLU3Zil0	Classic Rock
Mony Mony	Tommy James	qdrx9F6WEzM	Classic Rock
Paint It, Black	The Rolling Stones	170sceOWWXc	Classic Rock
Time of the Season	The Zombies	pfw20G0nU2o	Classic Rock
[I Can't Get No] Satisfaction	The Rolling Stones	eUpb-ALfUzc	Classic Rock
I Got You Babe	Sonny & Cher	r3BWaRkJ58M	Classic Rock
Louie Louie	The Kingsmen	xKt75jUuKJY	Classic Rock
Wild Thing	The Troggs	bLJkrOYHNw8	Classic Rock
She's Not There	The Zombies	YmO3MtWIwi8	Classic Rock
One Thing Leads To Another	The Fixx	7dY4qtLaUlE	Classic Rock
Simply Irresistible	Robert Palmer	KCtsp0wul0A	Classic Rock
Rock 'n' Roll (Part 2)	Gary Glitter	6sjGBXckGB4	Classic Rock
Can't Seem To Make You Mine	Sky Saxon	Z5wHZvCGgEk	Classic Rock
Hooked On A Feeling - BJ Thomas (Lyric Video) [HQ Audio]	SC Entertainment	FY7-uog-mhE	Classic Rock
Let's Live For Today (Uncensored Version)	The Grass Roots	jk2h_ePt6VQ	Classic Rock
Gimme Some Lovin' (Single Mix)	The Spencer Davis Group	ZaK4LPrYI0A	Classic Rock
Hooked On A Feeling	Björn Skifs	7Z3uhIRkBNw	Classic Rock
A Summer Song	Chad & Jeremy	JVp2l_M2vvc	Classic Rock
Little Green Bag	George Baker Selection	U9VVt_dNq6U	Classic Rock
You Showed Me	The Turtles	ItfoFXkhqGw	Classic Rock
Southern Nights	Glen Campbell	X6-sU7pVJ3k	Classic Rock
Windy (Remastered Version)	The Association	VUv9OK4KUv8	Classic Rock
Himig Panglangit (feat. Bill Aujero)	Shalom Singers	gquosTtl9Ko	Classic Rock
Love Is Like Oxygen	Sweet	unsQSNQYERI	Classic Rock
Baby, Please Don't Go	Them	dL60VXOXtSQ	Classic Rock
No One Knows	Queens Of The Stone Age	z_59a_hnYdU	MONSTER I
Chip 'N' Dale's Rescue Rangers Theme Song	The Disney Studio Chorus	RjqD5cYn_QA	MONSTER I
Hysteria	Muse	27zOar_iEOA	MONSTER I
One Headlight	The Wallflowers	yjbzUEJONNU	MONSTER I
She's so High	Tal Bachman	jmB9-99_9Y8	MONSTER I
Shine	Collective Soul	KtqaINvy_f8	MONSTER I
How's It Going to Be	Third Eye Blind	2dITTT-OaWE	MONSTER I
Someday	Sugar Ray	QBv8oXF_fF8	MONSTER I
The Distance	Cake	JH6il8U3EU0	MONSTER I
Where The River Flows	Collective Soul	k2zGJ5PXok8	MONSTER I
Muppet Treasure Island OST,T16 Love Power	TheMuppetmike	NdvXcM2cHi4	MONSTER I
Miss You	Trentemøller	PO9bcVTbRcg	MONSTER I
Angel	Massive Attack	HLrqNhgdiC0	MONSTER I
Six Days	DJ Shadow	BPLQVE_zYc8	MONSTER I
Island In The Sun	Weezer	beX-9wW5rL0	MONSTER I
Take Me Out	Franz Ferdinand	h_JR9kIw38U	MONSTER I
Teenagers	My Chemical Romance	jLKOBJR5vHs	Similar
Beat It	Michael Jackson	kOn-HdEg6AQ	Similar
Paint It, Black	The Rolling Stones	170sceOWWXc	Similar
Stuck In The Middle With You	Stealers Wheel	ln7Vn_WKkWU	Similar
Karma Chameleon (Remastered 2002)	Culture Club	S8Cv5XbG428	Similar
Let's Stay Together	Al Green	EKOcfZtKvYQ	Similar
Suspicious Minds	Elvis Presley	xt8XQLvKBUs	Similar
Come Together (Remastered 2009)	The Beatles	oolpPmuK2I8	Similar
I Saw Her Standing There (Remastered 2009)	The Beatles	oxwAB3SECtc	Similar
Waterfalls	TLC	A_iTphwVNYs	Similar
I'm Not In Love	10cc	PC2HkP5gR2g	Similar
Dancing In the Dark	Bruce Springsteen	nCFTL4IO6t4	Similar
How Can You Mend a Broken Heart	Al Green	SuQJZp2yWc0	Similar
Bye Bye Bye	*NSYNC	fxHjlCBHuzA	Similar
We Didn't Start the Fire	Billy Joel	55q6jrfBDdk	Similar
I'm a Believer (2006 Remaster)	The Monkees	G5EuEF05G2M	Similar
Bad Reputation	Joan Jett & The Blackhearts	x6fB8KMUnz0	Similar
Teardrop	Massive Attack	3h-JYx76QNM	Similar
Happy Xmas (War Is Over)	John Lennon	flA5ndOyZbI	Similar
Oh	Ciara	IYtT0i12Pkc	Similar
Elvis Presley - All Shook Up (Official Audio)	ElvisPresleyVEVO	23zLefwiii4	Similar
Ain't No Sunshine	Bill Withers	8jjbhrR15Y8	Similar
Dear Mr. Fantasy	Traffic	sS_eHdqcrM8	Similar
Disco Inferno (Edit)	The Trammps	pG8TyIEAqps	Similar
You Never Give Me Your Money (Remastered 2009)	The Beatles	BpndGZ71yww	Similar
Just the Way You Are	Billy Joel	dBqyX0UUzVQ	Similar
These Eyes	The Guess Who	GADRQjY9PEQ	Similar
Every Morning	Sugar Ray	pUSgyQMapnw	Similar
No Sugar Tonight / New Mother Nature	The Guess Who	uDOQguimngQ	Similar
Do It To It	Cherish	HPTDgfhhJ3s	Similar
Poor Little Fool (Remastered)	Ricky Nelson	LIxHJpmvg7E	Similar
Ain't No Woman (Like The One I've Got)	Four Tops	kGNEYd7eClE	Similar
It's Still Rock and Roll to Me	Billy Joel	lvlPoBduEe4	Similar
Venus	Shocking Blue	L4oK_b82hxU	Similar
The Distance	Cake	JH6il8U3EU0	Similar
Try a Little Tenderness	Otis Redding	HKKbMBJgDJ4	Similar
Spiderwebs	No Doubt	UBVEie8bNdE	Similar
Unpretty	TLC	02DUe4UJOls	Similar
The Way	Fastball	3ZolDgbV6qI	Similar
All I've Got To Do (Remastered 2009)	The Beatles	anMW41uvb_s	Similar
Never Ever	All Saints	0980VkiWtpc	Similar
All I Wanna Do	Sheryl Crow	7OwfGDbJ7wQ	Similar
Lovin', Touchin', Squeezin'	Journey	L7jV2n9mLd4	Similar
Someday We'll Be Together	The Supremes	495BNPUeq1A	Similar
Wild Night	Van Morrison	bXoBnmJtqhY	Similar
I Think We're Alone Now	Tommy James	FeGmP0E5bHE	Similar
One Thing Leads To Another	The Fixx	7dY4qtLaUlE	Similar
Waiting for Tonight	Jennifer Lopez	OCN4OeMrc_o	Similar
Right Place Wrong Time	Dr. John	zw-2CTx4YgY	Similar
Then He Kissed Me	The Crystals	lE1z26Ik3Y0	Similar
Let Me Roll It (2010 Remaster)	Wings	ly_G9QBX_f0	Similar
Tighter, Tighter	Alive N Kickin'	tu9XxGpXXvE	Similar
The Stranger	Billy Joel	X3kpaSJtaDE	Similar
Do Ya	Electric Light Orchestra	piBQ0aRDarM	Similar
Little Sister	Elvis Presley	0kWK4NPib1A	Similar
Fooled Around And Fell In Love	Elvin Bishop	JmKfP6DzzuU	Similar
Suavecito	Malo	U7_63vFEz4Q	Similar
I Wanna Be Bad	Willa Ford	dCcZHyp0v6o	Similar
This Is Your Night (Original Edit)	Amber	VvKbbcsPQiI	Similar
That’ll Be the Day	Buddy Holly	M4TfFTmITLo	Similar
Crocodile Rock (Remastered)	Elton John	5GJ04MpWves	Similar
Games People Play	The Alan Parsons Project	GHyXUAKbq1M	Similar
Besame Mucho (Anthology 1 Version)	The Beatles	y0VwQXnkDqU	Similar
Boyz In The Hood	Dynamite Hack	lw2N-0clITI	Similar
Drift Away	Dobie Gray	g09_QO2xxl8	Similar
The One Who Really Loves You	Mary Wells	StnsQcSZiR8	Similar
Rock This Town	Stray Cats	4xmLyPZVaXQ	Similar
Billy Joel - Easy Money (Audio)	billyjoelVEVO	tdGzzfQ52TQ	Similar
The Stake	Steve Miller Band	Jqmk5ksji7k	Similar
Too Much	Elvis Presley	CNpcTtVsc8s	Similar
Wild Night	John Mellencamp	J2Aw3WbKSus	Similar
Hallelujah, I Love Her So	Ray Charles	aFi4LHSHJY4	Similar
Can't Get It Out Of my Head (7" Edit)	Electric Light Orchestra	N6TtSUO9qTc	Similar
Mama Said	The Shirelles	mvc880rpJeE	Similar
Life Is a Rock (But the Radio Rolled Me)	Reunion	kySY1rR8_Nk	Similar
My World Is Empty Without You	The Supremes	GVKq46pEUrs	Similar
Tired of Being Alone	Al Green	osvlh6XQCYg	Similar
Not in Nottingham | Walt Disney Legacy Collection: Robin Hood	✰𝕄𝕠𝕟𝕥𝕘𝕠𝕞𝕖𝕣𝕪 𝔾𝕒𝕥𝕠𝕣✰	dulbsyPiog8	Similar
You Showed Me	The Turtles	ItfoFXkhqGw	Similar
Stewball (2004 Remaster)	Peter, Paul & Mary	BIVNmhMkNMA	Similar
True Fine Love	Steve Miller Band	hEgvyXTK2Sw	Similar
You Can’t Catch Me	Chuck Berry	DIR792CGrcQ	Similar
If I Had Words	Scott Fitzgerald & Yvonne Keeley	oNEHwsDQ1Hg	Similar
Love or Let Me Be Lonely	The Friends of Distinction	z_BjMRpjEZI	Similar
Never The Same	Supreme Beings Of Leisure	qSSJq3R3mok	Similar
I Thank You	Sam & Dave	0Ot3okMVcG0	Similar
Try A Little Tenderness	Three Dog Night	L519pzGM81Q	Similar
I Can't Stop Loving You	Ray Charles	eZNgVW0lD_k	Similar
Out In The Country	Three Dog Night	I5EZy3ZnLDs	Similar
Let's Dance	The Studio Group	alz58hCIMY8	Similar
Saint-Saëns: Symphony No. 3 In C Minor, Op. 78 "Organ Symphony" - 2b. Maestoso - Più allegro -...	Simon Preston	3vipdmXX8CI	Similar
Do Something to Me	Tommy James	Y-GktjUaMLA	Similar
Can't Seem To Make You Mine	Sky Saxon	Z5wHZvCGgEk	Similar
Story Of The Blues	Gary Moore	4Qn3phmqQTw	Similar
Poor Little Fool	Ricky Nelson	XzkZeGjh5go	Similar
Play Something Sweet (Brickyard Blues)	Three Dog Night	kSJZDoUejSE	Similar
Not Fade Away	The Crickets	7CTga683lBQ	Similar
Soldier of Love	Arthur Alexander	q6wt8C3Fp5w	Similar
Rockin' Pneumonia	Huey "Piano" Smith	euy9lUbhJ04	Similar
The Banjo Song	The Big Three	iodQbGZs64o	Similar
Edge on you	restless	ss_YLpv5xTY	Similar
Pardon My Reflection	Motion	LM4UeAFpXOE	Similar
Any Other Way	The Zombies	QWMwIzmyn9g	Similar
The Payback	James Brown	D7ks03zsg1o	Funk
Do What Ya Wanna Do	T-Connection	Zlve5vtGKEA	Funk
People Say	The Meters	NFv1Hsr1V2U	Funk
Jungle Man	The Meters	qjBEis4wu5k	Funk
Shakey Ground	The Temptations	0c69Y32mTiI	Funk
Cajun Moon	JJ Cale	4HgGQsJvx0E	Funk
Funkin' for Jamaica	Tom Browne	CfUuamLRsbE	Funk
Fire	Ohio Players	jMjBo3edd1g	Funk
Love Rollercoaster	Ohio Players	_5oGtAKebps	Funk
The Cisco Kid	War	_86iwnPKzBY	Funk
Let It Whip	Dazz Band	TDMfH1rx7rk	Funk
It's Your Thing	The Isley Brothers	vajsXO3Ub-4	Funk
September	Earth, Wind & Fire	3cKtSlsYVEU	Funk
Soul Machine	The Meters	GVqpDD3h8ls	Funk
Lewanda's Love (From "ToeJam & Earl: Back in the Groove!")	Cody Wright	ciwFnexEue0	Funk
Mellow Groove (From "ToeJam & Earl: Back in the Groove!")	Cody Wright	y9F-EukrlMQ	Funk
Keep It Comin' Love	KC & The Sunshine Band	cLVHSolR3GA	Funk
Superstition	Stevie Wonder	egqv1mtos6A	Funk
Living For The City	Stevie Wonder	ghLWjyOOLno	Funk
Higher Ground	Stevie Wonder	1esf0efHbjM	Funk
Sir Duke	Stevie Wonder	EnNgASBdCeo	Funk
I Wish	Stevie Wonder	c7IYSAUj78g	Funk
Pastime Paradise	Stevie Wonder	1TLFnokO1Oo	Funk
Sabrosa	Beastie Boys	0p5ysCDWz8Q	Funk
George Bruns -  A Beautiful Spring Day	Ewelina	lHlT0EVq-Yk	Jazz
Freeway	Vince Guaraldi	UqAYyYV1Mgs	Jazz
I Know You Love Me	Lisa Ekdahl	RayvIljRVDk	Jazz
King Porter Stomp (Remastered - 1999)	Bunny Berigan & His Orchestra	NQrzGwGkW5Q	Jazz
Softly as in a Morning Sunrise	Benny Goodman	XSeFc3CP5Mk	Jazz
